Profile Id,Opportunity Name,Churn Probability
26da6f68-3e23-4124-83b4-bbe4a2bb8f94,Career Essentials: Getting Started with Your Professional Journey,1.0
c5f56bba-7f74-4c24-8c23-67d91daa5e62,Career Essentials: Getting Started with Your Professional Journey,1.0
c5f56bba-7f74-4c24-8c23-67d91daa5e62,CPR/AED Certification,0.9890257043734365
b14451eb-32ed-45d5-93a6-cd68450e7944,Startup Mastery Workshop,0.9847754482898874
19ce6f4c-215c-412e-9e29-f09d6f5a4422,Startup Mastery Workshop,0.9840564373500412
79480b51-1ff4-43cb-82b7-ec814630b1ef,CPR/AED Certification,0.9825615532727398
b8fb877d-539d-4c73-ad1e-d025d094d505,CPR/AED Certification,0.9815328082992489
7f8e0b1c-bb39-4e5c-a9e2-88b3d7f3b851,Startup Mastery Workshop,0.9808313311016287
